{
  "hash": "1e62853b",
  "configHash": "16325ae6",
  "lockfileHash": "d8eb4bb0",
  "browserHash": "6f895762",
  "optimized": {
    "@angular/core": {
      "src": "../../../../../node_modules/@angular/core/fesm2022/core.mjs",
      "file": "@angular_core.js",
      "fileHash": "86a8b185",
      "needsInterop": false
    },
    "@angular/platform-browser": {
      "src": "../../../../../node_modules/@angular/platform-browser/fesm2022/platform-browser.mjs",
      "file": "@angular_platform-browser.js",
      "fileHash": "1eea1154",
      "needsInterop": false
    },
    "@angular/router": {
      "src": "../../../../../node_modules/@angular/router/fesm2022/router.mjs",
      "file": "@angular_router.js",
      "fileHash": "e3129e5c",
      "needsInterop": false
    }
  },
  "chunks": {
    "chunk-OA4ZCHTF": {
      "file": "chunk-OA4ZCHTF.js"
    },
    "chunk-BF4XLKTU": {
      "file": "chunk-BF4XLKTU.js"
    }
  }
}